{
  "collapsedGroups": [],
  "version": 2,
  "t": "2024-01-15T08:52:07.9225798+02:00",
  "commands": [
    {
      "sources": [
        0
      ],
      "permittedUsers": [],
      "permittedGroups": [],
      "id": "1b7ab0c6-485d-405b-aeed-35e2fb855e22",
      "name": "test",
      "enabled": true,
      "include": true,
      "mode": 0,
      "command": "!test",
      "location": 0,
      "ignoreBotAccount": true,
      "ignoreInternal": true,
      "persistCounter": false,
      "counter": 34,
      "persistUserCounter": false,
      "userCounters": {
        "1017603799": 3,
        "72083925": 23,
        "41039839": 1,
        "458133987": 1,
        "609556769": 1,
        "146848850": 2,
        "568190156": 2,
        "526237435": 1
      },
      "caseSensitive": false,
      "globalCooldown": 0,
      "userCooldown": 0,
      "group": "Points",
      "grantType": 0
    },
    {
      "sources": [
        0
      ],
      "permittedUsers": [],
      "permittedGroups": [],
      "id": "f1dfd454-8724-4e00-8a40-b60c3c2108ce",
      "name": "пз)",
      "enabled": true,
      "include": true,
      "mode": 0,
      "command": "пз)",
      "location": 0,
      "ignoreBotAccount": true,
      "ignoreInternal": true,
      "persistCounter": false,
      "counter": 0,
      "persistUserCounter": false,
      "userCounters": {},
      "caseSensitive": false,
      "globalCooldown": 0,
      "userCooldown": 0,
      "group": "ПЗ",
      "grantType": 0
    },
    {
      "sources": [
        0
      ],
      "permittedUsers": [],
      "permittedGroups": [],
      "id": "a573ff69-0f1d-47ff-8a47-8b08f5da2cef",
      "name": "!addpoints",
      "enabled": true,
      "include": true,
      "mode": 0,
      "command": "!addpoints",
      "location": 0,
      "ignoreBotAccount": true,
      "ignoreInternal": true,
      "persistCounter": false,
      "counter": 8,
      "persistUserCounter": false,
      "userCounters": {
        "72083925": 6,
        "1017603799": 2
      },
      "caseSensitive": false,
      "globalCooldown": 0,
      "userCooldown": 0,
      "group": "Points",
      "grantType": 0
    },
    {
      "sources": [
        0
      ],
      "permittedUsers": [],
      "permittedGroups": [],
      "id": "180b79ff-15e1-4fe1-8b76-87b8882ee0d7",
      "name": "!followed",
      "enabled": false,
      "include": true,
      "mode": 0,
      "command": "!followed",
      "location": 1,
      "ignoreBotAccount": true,
      "ignoreInternal": true,
      "persistCounter": false,
      "counter": 0,
      "persistUserCounter": false,
      "userCounters": {},
      "caseSensitive": false,
      "globalCooldown": 0,
      "userCooldown": 0,
      "group": "Quick Start - Chatbot Example",
      "grantType": 0
    },
    {
      "sources": [
        0
      ],
      "permittedUsers": [],
      "permittedGroups": [],
      "id": "0cc15896-3f77-4308-9b96-514752429c0e",
      "name": "!pointsname",
      "enabled": true,
      "include": true,
      "mode": 0,
      "command": "!pointsname",
      "location": 0,
      "ignoreBotAccount": true,
      "ignoreInternal": true,
      "persistCounter": false,
      "counter": 3,
      "persistUserCounter": false,
      "userCounters": {
        "72083925": 3
      },
      "caseSensitive": false,
      "globalCooldown": 0,
      "userCooldown": 0,
      "group": "Points",
      "grantType": 0
    },
    {
      "sources": [
        0
      ],
      "permittedUsers": [],
      "permittedGroups": [],
      "id": "174975ab-4c8d-4619-a5f0-96efe526de2c",
      "name": "123",
      "enabled": true,
      "include": true,
      "mode": 0,
      "command": "!бул",
      "location": 0,
      "ignoreBotAccount": true,
      "ignoreInternal": true,
      "persistCounter": false,
      "counter": 22,
      "persistUserCounter": false,
      "userCounters": {
        "72083925": 22
      },
      "caseSensitive": false,
      "globalCooldown": 0,
      "userCooldown": 0,
      "group": "",
      "grantType": 0
    },
    {
      "sources": [
        0
      ],
      "permittedUsers": [],
      "permittedGroups": [],
      "id": "bbeecf03-fa00-46e3-8f75-4d69efb2507b",
      "name": "донати",
      "enabled": true,
      "include": true,
      "mode": 0,
      "command": "!донат",
      "location": 0,
      "ignoreBotAccount": true,
      "ignoreInternal": true,
      "persistCounter": false,
      "counter": 9,
      "persistUserCounter": false,
      "userCounters": {
        "72083925": 7,
        "1017603799": 2
      },
      "caseSensitive": false,
      "globalCooldown": 15,
      "userCooldown": 5,
      "group": "Команди",
      "grantType": 0
    },
    {
      "sources": [
        0
      ],
      "permittedUsers": [],
      "permittedGroups": [],
      "id": "16296608-e713-459b-ac1e-233bd90d3ab5",
      "name": "!team",
      "enabled": false,
      "include": true,
      "mode": 0,
      "command": "!team",
      "location": 1,
      "ignoreBotAccount": true,
      "ignoreInternal": true,
      "persistCounter": false,
      "counter": 0,
      "persistUserCounter": false,
      "userCounters": {},
      "caseSensitive": false,
      "globalCooldown": 0,
      "userCooldown": 0,
      "group": "Quick Start - Chatbot Example",
      "grantType": 0
    },
    {
      "sources": [
        0
      ],
      "permittedUsers": [],
      "permittedGroups": [],
      "id": "8883cd32-d7a1-4796-85a5-f85372d092b0",
      "name": "t",
      "enabled": true,
      "include": true,
      "mode": 0,
      "command": "!t",
      "location": 0,
      "ignoreBotAccount": true,
      "ignoreInternal": true,
      "persistCounter": false,
      "counter": 68,
      "persistUserCounter": false,
      "userCounters": {
        "1017603799": 5,
        "72083925": 63
      },
      "caseSensitive": false,
      "globalCooldown": 0,
      "userCooldown": 0,
      "group": "Quick Start - Chatbot Example",
      "grantType": 0
    },
    {
      "sources": [
        0
      ],
      "permittedUsers": [],
      "permittedGroups": [],
      "id": "ad428532-baeb-42e6-9b6c-53324994fd15",
      "name": "!п з",
      "enabled": true,
      "include": true,
      "mode": 0,
      "command": "!п з",
      "location": 0,
      "ignoreBotAccount": true,
      "ignoreInternal": true,
      "persistCounter": false,
      "counter": 0,
      "persistUserCounter": false,
      "userCounters": {},
      "caseSensitive": false,
      "globalCooldown": 0,
      "userCooldown": 0,
      "group": "ПЗ",
      "grantType": 0
    },
    {
      "sources": [
        0
      ],
      "permittedUsers": [],
      "permittedGroups": [],
      "id": "86a9031a-cc0c-49ac-acd9-66e501e7de4e",
      "name": "!points",
      "enabled": true,
      "include": true,
      "mode": 0,
      "command": "!points",
      "location": 0,
      "ignoreBotAccount": true,
      "ignoreInternal": true,
      "persistCounter": false,
      "counter": 79,
      "persistUserCounter": false,
      "userCounters": {
        "72083925": 58,
        "1017603799": 3,
        "458133987": 1,
        "96288937": 1,
        "146848850": 8,
        "39616262": 1,
        "972434137": 2,
        "568190156": 4,
        "526237435": 1
      },
      "caseSensitive": false,
      "globalCooldown": 0,
      "userCooldown": 0,
      "group": "Points",
      "grantType": 0
    },
    {
      "sources": [
        0
      ],
      "permittedUsers": [],
      "permittedGroups": [],
      "id": "c4153237-6c72-4a72-bc2f-9df9ca631311",
      "name": "люрк",
      "enabled": true,
      "include": true,
      "mode": 0,
      "command": "!люрк",
      "location": 0,
      "ignoreBotAccount": true,
      "ignoreInternal": true,
      "persistCounter": false,
      "counter": 2,
      "persistUserCounter": false,
      "userCounters": {
        "38156115": 1,
        "246171033": 1
      },
      "caseSensitive": false,
      "globalCooldown": 15,
      "userCooldown": 5,
      "group": "Команди",
      "grantType": 0
    },
    {
      "sources": [
        0
      ],
      "permittedUsers": [],
      "permittedGroups": [],
      "id": "a78d487e-b06c-44d3-ba2b-fde226719a38",
      "name": "!so",
      "enabled": true,
      "include": true,
      "mode": 0,
      "command": "!so",
      "location": 0,
      "ignoreBotAccount": true,
      "ignoreInternal": true,
      "persistCounter": false,
      "counter": 8,
      "persistUserCounter": false,
      "userCounters": {
        "72083925": 6,
        "38156115": 1,
        "221016383": 1
      },
      "caseSensitive": false,
      "globalCooldown": 0,
      "userCooldown": 0,
      "group": "Quick Start - Chatbot Example",
      "grantType": 0
    },
    {
      "sources": [
        0
      ],
      "permittedUsers": [],
      "permittedGroups": [],
      "id": "ca34f4fc-72da-42c9-9c9c-3d509033e992",
      "name": "чекбул",
      "enabled": true,
      "include": true,
      "mode": 0,
      "command": "!чекбул",
      "location": 0,
      "ignoreBotAccount": true,
      "ignoreInternal": true,
      "persistCounter": false,
      "counter": 9,
      "persistUserCounter": false,
      "userCounters": {
        "72083925": 9
      },
      "caseSensitive": false,
      "globalCooldown": 0,
      "userCooldown": 0,
      "group": "",
      "grantType": 0
    },
    {
      "sources": [
        0
      ],
      "permittedUsers": [],
      "permittedGroups": [],
      "id": "6ab2562d-e8ee-4cb0-8ae4-21b41da11b91",
      "name": "!пз",
      "enabled": true,
      "include": true,
      "mode": 0,
      "command": "!пз",
      "location": 0,
      "ignoreBotAccount": true,
      "ignoreInternal": true,
      "persistCounter": false,
      "counter": 6,
      "persistUserCounter": false,
      "userCounters": {
        "760427696": 1,
        "156451259": 1,
        "843030041": 2,
        "38156115": 1,
        "246171033": 1
      },
      "caseSensitive": false,
      "globalCooldown": 0,
      "userCooldown": 0,
      "group": "ПЗ",
      "grantType": 0
    },
    {
      "sources": [
        0
      ],
      "permittedUsers": [],
      "permittedGroups": [],
      "id": "c2333663-d7c8-45fe-8bc3-0327ba216cac",
      "name": "пз?",
      "enabled": true,
      "include": true,
      "mode": 0,
      "command": "пз?",
      "location": 0,
      "ignoreBotAccount": true,
      "ignoreInternal": true,
      "persistCounter": false,
      "counter": 0,
      "persistUserCounter": false,
      "userCounters": {},
      "caseSensitive": false,
      "globalCooldown": 0,
      "userCooldown": 0,
      "group": "ПЗ",
      "grantType": 0
    },
    {
      "sources": [
        0
      ],
      "permittedUsers": [],
      "permittedGroups": [],
      "id": "8e498897-5e50-4acd-a36d-b71a5893456a",
      "name": "!морквина",
      "enabled": true,
      "include": true,
      "mode": 0,
      "command": "!морквина",
      "location": 0,
      "ignoreBotAccount": true,
      "ignoreInternal": true,
      "persistCounter": false,
      "counter": 136,
      "persistUserCounter": false,
      "userCounters": {
        "72083925": 136
      },
      "caseSensitive": false,
      "globalCooldown": 0,
      "userCooldown": 0,
      "group": "Points",
      "grantType": 0
    },
    {
      "sources": [
        0
      ],
      "permittedUsers": [],
      "permittedGroups": [
        "Moderators"
      ],
      "id": "d68e1f7e-f624-44f5-9cc4-166de54bee01",
      "name": "!setpoints",
      "enabled": true,
      "include": true,
      "mode": 0,
      "command": "!setpoints",
      "location": 0,
      "ignoreBotAccount": true,
      "ignoreInternal": true,
      "persistCounter": false,
      "counter": 30,
      "persistUserCounter": false,
      "userCounters": {
        "72083925": 28,
        "1017603799": 2
      },
      "caseSensitive": false,
      "globalCooldown": 0,
      "userCooldown": 0,
      "group": "Points",
      "grantType": 0
    },
    {
      "sources": [
        0
      ],
      "permittedUsers": [],
      "permittedGroups": [],
      "id": "d1332b52-3f01-4679-80fd-51e4f8e88e06",
      "name": "!following",
      "enabled": false,
      "include": true,
      "mode": 0,
      "command": "!following",
      "location": 1,
      "ignoreBotAccount": true,
      "ignoreInternal": true,
      "persistCounter": false,
      "counter": 0,
      "persistUserCounter": false,
      "userCounters": {},
      "caseSensitive": false,
      "globalCooldown": 0,
      "userCooldown": 0,
      "group": "Quick Start - Chatbot Example",
      "grantType": 0
    },
    {
      "sources": [
        0
      ],
      "permittedUsers": [],
      "permittedGroups": [],
      "id": "b4bee8a6-05a6-43c3-87ba-c5a443437ff9",
      "name": "!пук",
      "enabled": true,
      "include": true,
      "mode": 0,
      "command": "!пука",
      "location": 0,
      "ignoreBotAccount": true,
      "ignoreInternal": true,
      "persistCounter": false,
      "counter": 5,
      "persistUserCounter": false,
      "userCounters": {
        "1017603799": 4,
        "221016383": 1
      },
      "caseSensitive": false,
      "globalCooldown": 0,
      "userCooldown": 0,
      "group": "Команди",
      "grantType": 0
    },
    {
      "sources": [
        0
      ],
      "permittedUsers": [],
      "permittedGroups": [],
      "id": "9478bc0c-bf06-47dc-bb68-25c5267fe26c",
      "name": "!дупа",
      "enabled": true,
      "include": true,
      "mode": 0,
      "command": "!дупа",
      "location": 0,
      "ignoreBotAccount": true,
      "ignoreInternal": true,
      "persistCounter": false,
      "counter": 6,
      "persistUserCounter": false,
      "userCounters": {
        "739334661": 1,
        "79581162": 1,
        "95879832": 1,
        "790694354": 1,
        "38156115": 1,
        "221016383": 1
      },
      "caseSensitive": false,
      "globalCooldown": 0,
      "userCooldown": 0,
      "group": "Команди",
      "grantType": 0
    },
    {
      "sources": [
        0
      ],
      "permittedUsers": [],
      "permittedGroups": [],
      "id": "46c7aca6-d0a8-4601-9f47-6f19d05898ed",
      "name": "Реєстрація",
      "enabled": true,
      "include": true,
      "mode": 0,
      "command": "!реєстрація",
      "location": 0,
      "ignoreBotAccount": true,
      "ignoreInternal": true,
      "persistCounter": false,
      "counter": 7,
      "persistUserCounter": false,
      "userCounters": {
        "72083925": 7
      },
      "caseSensitive": false,
      "globalCooldown": 0,
      "userCooldown": 0,
      "group": "",
      "grantType": 0
    },
    {
      "sources": [
        0
      ],
      "permittedUsers": [],
      "permittedGroups": [],
      "id": "08dfcc5e-c95d-4f32-aa52-d9b8013cf817",
      "name": "!followers",
      "enabled": false,
      "include": true,
      "mode": 0,
      "command": "!followers",
      "location": 1,
      "ignoreBotAccount": true,
      "ignoreInternal": true,
      "persistCounter": false,
      "counter": 0,
      "persistUserCounter": false,
      "userCounters": {},
      "caseSensitive": false,
      "globalCooldown": 0,
      "userCooldown": 0,
      "group": "Quick Start - Chatbot Example",
      "grantType": 0
    },
    {
      "sources": [
        0
      ],
      "permittedUsers": [],
      "permittedGroups": [],
      "id": "f24b2d6e-6f14-44a9-857b-5bfa45f5b483",
      "name": "Toggle camera",
      "enabled": true,
      "include": true,
      "mode": 0,
      "command": "!toggle",
      "location": 0,
      "ignoreBotAccount": true,
      "ignoreInternal": true,
      "persistCounter": false,
      "counter": 125,
      "persistUserCounter": false,
      "userCounters": {
        "72083925": 10,
        "739334661": 18,
        "119141814": 2,
        "123893598": 1,
        "458133987": 8,
        "180250609": 1,
        "129436115": 11,
        "760427696": 3,
        "121840957": 1,
        "567880418": 8,
        "843030041": 2,
        "193368450": 6,
        "246171033": 12,
        "88787979": 3,
        "793822977": 1,
        "38156115": 21,
        "41039839": 3,
        "568190156": 3,
        "146848850": 2,
        "221016383": 7,
        "455929663": 1,
        "427740484": 1
      },
      "caseSensitive": false,
      "globalCooldown": 0,
      "userCooldown": 0,
      "group": "Команди",
      "grantType": 0
    },
    {
      "sources": [
        0
      ],
      "permittedUsers": [],
      "permittedGroups": [],
      "id": "17f720ad-7710-457a-9cf7-f956fd486abf",
      "name": "ПРОДЖЕКТ ЗОМБОІД",
      "enabled": true,
      "include": true,
      "mode": 0,
      "command": "ПРОДЖЕКТ ЗОМБОІД",
      "location": 0,
      "ignoreBotAccount": true,
      "ignoreInternal": true,
      "persistCounter": false,
      "counter": 0,
      "persistUserCounter": false,
      "userCounters": {},
      "caseSensitive": false,
      "globalCooldown": 0,
      "userCooldown": 0,
      "group": "ПЗ",
      "grantType": 0
    },
    {
      "sources": [
        0
      ],
      "permittedUsers": [],
      "permittedGroups": [],
      "id": "43358c75-9a96-45ec-89e1-35218942bf99",
      "name": "!reg",
      "enabled": true,
      "include": true,
      "mode": 0,
      "command": "!reg",
      "location": 0,
      "ignoreBotAccount": true,
      "ignoreInternal": true,
      "persistCounter": false,
      "counter": 77,
      "persistUserCounter": false,
      "userCounters": {
        "72083925": 57,
        "146848850": 8,
        "972434137": 1,
        "39616262": 1,
        "609556769": 1,
        "568190156": 2,
        "526237435": 1,
        "221016383": 1,
        "107814426": 1,
        "1017603799": 4
      },
      "caseSensitive": false,
      "globalCooldown": 0,
      "userCooldown": 0,
      "group": "Єбобо",
      "grantType": 0
    },
    {
      "sources": [
        0
      ],
      "permittedUsers": [],
      "permittedGroups": [],
      "id": "05e695a3-c501-4d56-82a2-2afc662fb5f7",
      "name": "!пз)",
      "enabled": true,
      "include": true,
      "mode": 0,
      "command": "!пз)",
      "location": 0,
      "ignoreBotAccount": true,
      "ignoreInternal": true,
      "persistCounter": false,
      "counter": 0,
      "persistUserCounter": false,
      "userCounters": {},
      "caseSensitive": false,
      "globalCooldown": 0,
      "userCooldown": 0,
      "group": "ПЗ",
      "grantType": 0
    },
    {
      "sources": [
        0
      ],
      "permittedUsers": [],
      "permittedGroups": [],
      "id": "a19c2ba2-21bf-43a0-a59f-e85e73523aeb",
      "name": "Command",
      "enabled": true,
      "include": true,
      "mode": 0,
      "command": "!хуй",
      "location": 0,
      "ignoreBotAccount": true,
      "ignoreInternal": true,
      "persistCounter": false,
      "counter": 3,
      "persistUserCounter": false,
      "userCounters": {
        "72083925": 3
      },
      "caseSensitive": false,
      "globalCooldown": 0,
      "userCooldown": 0,
      "group": "Команди",
      "grantType": 0
    },
    {
      "sources": [
        0
      ],
      "permittedUsers": [],
      "permittedGroups": [],
      "id": "7db74456-c49d-4e7c-a309-ffe0c9ba9b6b",
      "name": "!created",
      "enabled": false,
      "include": true,
      "mode": 0,
      "command": "!created",
      "location": 1,
      "ignoreBotAccount": true,
      "ignoreInternal": true,
      "persistCounter": false,
      "counter": 0,
      "persistUserCounter": false,
      "userCounters": {},
      "caseSensitive": false,
      "globalCooldown": 0,
      "userCooldown": 0,
      "group": "Quick Start - Chatbot Example",
      "grantType": 0
    },
    {
      "sources": [
        0
      ],
      "permittedUsers": [],
      "permittedGroups": [],
      "id": "a4bbe8cf-c719-43ac-bc5c-56897f4bddc1",
      "name": "пз",
      "enabled": true,
      "include": true,
      "mode": 0,
      "command": "пз",
      "location": 0,
      "ignoreBotAccount": true,
      "ignoreInternal": true,
      "persistCounter": false,
      "counter": 31,
      "persistUserCounter": false,
      "userCounters": {
        "567880418": 2,
        "843030041": 5,
        "72083925": 1,
        "38156115": 12,
        "156451259": 1,
        "88787979": 1,
        "121840957": 1,
        "193368450": 2,
        "246171033": 1,
        "180250609": 1,
        "972434137": 2,
        "221016383": 1,
        "609556769": 1
      },
      "caseSensitive": false,
      "globalCooldown": 0,
      "userCooldown": 0,
      "group": "ПЗ",
      "grantType": 0
    },
    {
      "sources": [
        0
      ],
      "permittedUsers": [],
      "permittedGroups": [],
      "id": "41b14ab1-76aa-412e-939a-25d272ba864f",
      "name": "інста",
      "enabled": true,
      "include": true,
      "mode": 0,
      "command": "!інста",
      "location": 0,
      "ignoreBotAccount": true,
      "ignoreInternal": true,
      "persistCounter": false,
      "counter": 0,
      "persistUserCounter": false,
      "userCounters": {},
      "caseSensitive": false,
      "globalCooldown": 15,
      "userCooldown": 5,
      "group": "Команди",
      "grantType": 0
    },
    {
      "sources": [
        0
      ],
      "permittedUsers": [],
      "permittedGroups": [],
      "id": "080c8007-30cb-4c07-9989-ad8d1ee25a71",
      "name": "!uptime",
      "enabled": false,
      "include": true,
      "mode": 0,
      "command": "!uptime",
      "location": 1,
      "ignoreBotAccount": true,
      "ignoreInternal": true,
      "persistCounter": false,
      "counter": 0,
      "persistUserCounter": false,
      "userCounters": {},
      "caseSensitive": false,
      "globalCooldown": 0,
      "userCooldown": 0,
      "group": "Quick Start - Chatbot Example",
      "grantType": 0
    },
    {
      "sources": [
        0
      ],
      "permittedUsers": [],
      "permittedGroups": [],
      "id": "06f9f429-3741-4703-a10c-c70aa457240b",
      "name": "PZ",
      "enabled": true,
      "include": true,
      "mode": 0,
      "command": "PZ",
      "location": 0,
      "ignoreBotAccount": true,
      "ignoreInternal": true,
      "persistCounter": false,
      "counter": 4,
      "persistUserCounter": false,
      "userCounters": {
        "568190156": 1,
        "693277132": 1,
        "972434137": 2
      },
      "caseSensitive": false,
      "globalCooldown": 0,
      "userCooldown": 0,
      "group": "ПЗ",
      "grantType": 0
    },
    {
      "sources": [
        0
      ],
      "permittedUsers": [],
      "permittedGroups": [],
      "id": "4096c1d9-393e-4050-9168-bfb0f0d2a597",
      "name": "дс",
      "enabled": true,
      "include": true,
      "mode": 0,
      "command": "!дс",
      "location": 0,
      "ignoreBotAccount": true,
      "ignoreInternal": true,
      "persistCounter": false,
      "counter": 0,
      "persistUserCounter": false,
      "userCounters": {},
      "caseSensitive": false,
      "globalCooldown": 0,
      "userCooldown": 0,
      "group": "Команди",
      "grantType": 0
    },
    {
      "sources": [
        0
      ],
      "permittedUsers": [],
      "permittedGroups": [],
      "id": "83e24ff5-e612-477a-967d-f94aeab0aa9a",
      "name": "!P3",
      "enabled": true,
      "include": true,
      "mode": 0,
      "command": "!P3",
      "location": 0,
      "ignoreBotAccount": true,
      "ignoreInternal": true,
      "persistCounter": false,
      "counter": 1,
      "persistUserCounter": false,
      "userCounters": {
        "38156115": 1
      },
      "caseSensitive": false,
      "globalCooldown": 0,
      "userCooldown": 0,
      "group": "ПЗ",
      "grantType": 0
    },
    {
      "sources": [
        0
      ],
      "permittedUsers": [],
      "permittedGroups": [],
      "id": "c8d9b0e9-f597-48b4-aeef-cda1ea227e04",
      "name": "П3",
      "enabled": true,
      "include": true,
      "mode": 0,
      "command": "П3",
      "location": 0,
      "ignoreBotAccount": true,
      "ignoreInternal": true,
      "persistCounter": false,
      "counter": 1,
      "persistUserCounter": false,
      "userCounters": {
        "843030041": 1
      },
      "caseSensitive": false,
      "globalCooldown": 0,
      "userCooldown": 0,
      "group": "ПЗ",
      "grantType": 0
    },
    {
      "sources": [
        0
      ],
      "permittedUsers": [],
      "permittedGroups": [],
      "id": "29b5ce5c-6348-4adf-9328-55cd04c8c5bf",
      "name": "!getpointsname",
      "enabled": true,
      "include": true,
      "mode": 0,
      "command": "!getpointsname",
      "location": 0,
      "ignoreBotAccount": true,
      "ignoreInternal": true,
      "persistCounter": false,
      "counter": 1,
      "persistUserCounter": false,
      "userCounters": {
        "72083925": 1
      },
      "caseSensitive": false,
      "globalCooldown": 0,
      "userCooldown": 0,
      "group": "Points",
      "grantType": 0
    },
    {
      "sources": [
        0
      ],
      "permittedUsers": [],
      "permittedGroups": [],
      "id": "0de20879-5542-4287-8a47-02203853b3cd",
      "name": "!п3",
      "enabled": true,
      "include": true,
      "mode": 0,
      "command": "!п3",
      "location": 0,
      "ignoreBotAccount": true,
      "ignoreInternal": true,
      "persistCounter": false,
      "counter": 2,
      "persistUserCounter": false,
      "userCounters": {
        "38156115": 2
      },
      "caseSensitive": false,
      "globalCooldown": 0,
      "userCooldown": 0,
      "group": "ПЗ",
      "grantType": 0
    },
    {
      "sources": [
        0
      ],
      "permittedUsers": [],
      "permittedGroups": [
        "Moderators"
      ],
      "id": "f17c0e0b-9811-4998-9817-1fd757dd3d40",
      "name": "!шо",
      "enabled": true,
      "include": true,
      "mode": 0,
      "command": "!шо",
      "location": 0,
      "ignoreBotAccount": true,
      "ignoreInternal": true,
      "persistCounter": false,
      "counter": 15,
      "persistUserCounter": false,
      "userCounters": {
        "72083925": 13,
        "221016383": 2
      },
      "caseSensitive": false,
      "globalCooldown": 0,
      "userCooldown": 0,
      "group": "Команди",
      "grantType": 0
    },
    {
      "sources": [
        0
      ],
      "permittedUsers": [],
      "permittedGroups": [],
      "id": "90e59c9f-39de-4e02-ae4b-bd3bc9172430",
      "name": "!тг",
      "enabled": true,
      "include": true,
      "mode": 0,
      "command": "!тг",
      "location": 0,
      "ignoreBotAccount": true,
      "ignoreInternal": true,
      "persistCounter": false,
      "counter": 10,
      "persistUserCounter": false,
      "userCounters": {
        "72083925": 8,
        "195040064": 1,
        "739334661": 1
      },
      "caseSensitive": false,
      "globalCooldown": 15,
      "userCooldown": 5,
      "group": "Команди",
      "grantType": 0
    },
    {
      "sources": [
        0
      ],
      "permittedUsers": [],
      "permittedGroups": [],
      "id": "8873e8a0-4080-4ee8-86c6-39072c024560",
      "name": "!date",
      "enabled": false,
      "include": true,
      "mode": 0,
      "command": "!date",
      "location": 1,
      "ignoreBotAccount": true,
      "ignoreInternal": true,
      "persistCounter": false,
      "counter": 0,
      "persistUserCounter": false,
      "userCounters": {},
      "caseSensitive": false,
      "globalCooldown": 0,
      "userCooldown": 0,
      "group": "Quick Start - Chatbot Example",
      "grantType": 0
    },
    {
      "sources": [
        0
      ],
      "permittedUsers": [],
      "permittedGroups": [],
      "id": "0389813e-1d88-4640-84f1-53f053c0cfb5",
      "name": "!топМорквин",
      "enabled": true,
      "include": true,
      "mode": 0,
      "command": "!топморквин",
      "location": 0,
      "ignoreBotAccount": true,
      "ignoreInternal": true,
      "persistCounter": false,
      "counter": 0,
      "persistUserCounter": false,
      "userCounters": {},
      "caseSensitive": false,
      "globalCooldown": 0,
      "userCooldown": 0,
      "group": "",
      "grantType": 0
    },
    {
      "sources": [
        0
      ],
      "permittedUsers": [],
      "permittedGroups": [],
      "id": "11baca47-6104-46cb-a0bb-4f27ac68b8e7",
      "name": "231",
      "enabled": true,
      "include": true,
      "mode": 0,
      "command": "!нобул",
      "location": 0,
      "ignoreBotAccount": true,
      "ignoreInternal": true,
      "persistCounter": false,
      "counter": 21,
      "persistUserCounter": false,
      "userCounters": {
        "72083925": 21
      },
      "caseSensitive": false,
      "globalCooldown": 0,
      "userCooldown": 0,
      "group": "",
      "grantType": 0
    },
    {
      "sources": [
        0
      ],
      "permittedUsers": [],
      "permittedGroups": [],
      "id": "beb37e7c-968f-4862-b522-132bb6c0bf7f",
      "name": " п з",
      "enabled": true,
      "include": true,
      "mode": 0,
      "command": " п з",
      "location": 0,
      "ignoreBotAccount": true,
      "ignoreInternal": true,
      "persistCounter": false,
      "counter": 0,
      "persistUserCounter": false,
      "userCounters": {},
      "caseSensitive": false,
      "globalCooldown": 0,
      "userCooldown": 0,
      "group": "ПЗ",
      "grantType": 0
    },
    {
      "sources": [
        0
      ],
      "permittedUsers": [],
      "permittedGroups": [],
      "id": "60c6a93f-10e7-4c1b-b6c2-c54dd0bf0784",
      "name": "проджект зомбоїд",
      "enabled": true,
      "include": true,
      "mode": 0,
      "command": "проджект зомбоїд",
      "location": 0,
      "ignoreBotAccount": true,
      "ignoreInternal": true,
      "persistCounter": false,
      "counter": 1,
      "persistUserCounter": false,
      "userCounters": {
        "221016383": 1
      },
      "caseSensitive": false,
      "globalCooldown": 0,
      "userCooldown": 0,
      "group": "ПЗ",
      "grantType": 0
    },
    {
      "sources": [
        0
      ],
      "permittedUsers": [],
      "permittedGroups": [],
      "id": "ebe7ea8a-b670-4851-b452-3d867be0f42f",
      "name": "!time",
      "enabled": false,
      "include": true,
      "mode": 0,
      "command": "!time",
      "location": 1,
      "ignoreBotAccount": true,
      "ignoreInternal": true,
      "persistCounter": false,
      "counter": 0,
      "persistUserCounter": false,
      "userCounters": {},
      "caseSensitive": false,
      "globalCooldown": 0,
      "userCooldown": 0,
      "group": "Quick Start - Chatbot Example",
      "grantType": 0
    },
    {
      "sources": [
        0
      ],
      "permittedUsers": [],
      "permittedGroups": [],
      "id": "9713bb11-0f0d-4109-b300-a715b4df1b7b",
      "name": "!pz",
      "enabled": true,
      "include": true,
      "mode": 0,
      "command": "!pz",
      "location": 0,
      "ignoreBotAccount": true,
      "ignoreInternal": true,
      "persistCounter": false,
      "counter": 2,
      "persistUserCounter": false,
      "userCounters": {
        "38156115": 1,
        "972434137": 1
      },
      "caseSensitive": false,
      "globalCooldown": 0,
      "userCooldown": 0,
      "group": "ПЗ",
      "grantType": 0
    },
    {
      "sources": [
        0
      ],
      "permittedUsers": [],
      "permittedGroups": [],
      "id": "68b7eb67-a20f-47b6-b473-4679c41a87f1",
      "name": "!stats",
      "enabled": false,
      "include": true,
      "mode": 0,
      "command": "!stats",
      "location": 1,
      "ignoreBotAccount": true,
      "ignoreInternal": true,
      "persistCounter": false,
      "counter": 0,
      "persistUserCounter": false,
      "userCounters": {},
      "caseSensitive": false,
      "globalCooldown": 0,
      "userCooldown": 0,
      "group": "Quick Start - Chatbot Example",
      "grantType": 0
    }
  ]
}