{
  "collapsedGroups": [],
  "version": 7,
  "t": "2024-01-12T05:49:09.3152577+02:00",
  "blocking": false,
  "queues": [],
  "actions": [
    {
      "id": "d5a4308d-900a-4e47-899f-719ab21203c7",
      "queue": null,
      "enabled": true,
      "excludeFromHistory": false,
      "name": "hi",
      "group": "",
      "alwaysRun": false,
      "randomAction": false,
      "concurrent": false,
      "triggers": [
        {
          "timerId": "77778a31-c1be-4e7a-b4b3-b967e31245c7",
          "id": "3f3fcc29-c1c2-499f-8ae4-621112db42c3",
          "type": 701,
          "enabled": true,
          "alwaysRun": false
        }
      ],
      "actions": [
        {
          "id": "89f580a4-eb6e-405f-b8d7-19ec37a571e9",
          "weight": 0.0,
          "type": 18,
          "group": null,
          "enabled": true,
          "index": 0
        }
      ],
      "actionGroups": [],
      "collapsedGroups": []
    }
  ]
}