{
  "collapsedGroups": [],
  "version": 7,
  "t": "2024-01-13T14:23:09.2236451+02:00",
  "blocking": false,
  "queues": [],
  "actions": [
    {
      "id": "d5a4308d-900a-4e47-899f-719ab21203c7",
      "queue": null,
      "enabled": true,
      "excludeFromHistory": false,
      "name": "Toggle camera",
      "group": "",
      "alwaysRun": false,
      "randomAction": false,
      "concurrent": false,
      "triggers": [
        {
          "commandId": "f24b2d6e-6f14-44a9-857b-5bfa45f5b483",
          "id": "4b69a65a-8b70-454e-8bbd-1da18dc878c0",
          "type": 401,
          "enabled": true,
          "alwaysRun": false
        }
      ],
      "actions": [
        {
          "sceneName": "Гра",
          "sourceName": "Вебка",
          "state": 2,
          "connectionId": "3ec16dab-6241-4abb-aa8a-8aab017cfecc",
          "id": "58aa05ab-5616-4c14-881b-bf4acd5881f2",
          "weight": 0.0,
          "type": 30,
          "group": null,
          "enabled": true,
          "index": 0
        },
        {
          "value": 2000,
          "maxValue": 0,
          "random": false,
          "id": "cf81aa52-da6d-49f8-b743-96d29e26c64f",
          "weight": 0.0,
          "type": 1002,
          "group": null,
          "enabled": true,
          "index": 1
        },
        {
          "sceneName": "Гра",
          "sourceName": "Вебка",
          "state": 2,
          "connectionId": "3ec16dab-6241-4abb-aa8a-8aab017cfecc",
          "id": "bb6ffab7-6ce0-4cb4-9376-d54b54ce9c29",
          "weight": 0.0,
          "type": 30,
          "group": null,
          "enabled": true,
          "index": 2
        }
      ],
      "actionGroups": [],
      "collapsedGroups": []
    },
    {
      "id": "19719480-4c94-4f36-a079-9f1ce0bef39c",
      "queue": null,
      "enabled": true,
      "excludeFromHistory": false,
      "name": "Text",
      "group": "",
      "alwaysRun": false,
      "randomAction": false,
      "concurrent": false,
      "triggers": [
        {
          "commandId": "a19c2ba2-21bf-43a0-a59f-e85e73523aeb",
          "id": "d2e92d99-b96f-4aaf-9264-caf3d7f96547",
          "type": 401,
          "enabled": true,
          "alwaysRun": false
        }
      ],
      "actions": [
        {
          "text": "%user%, хуй будеш?",
          "preferredAccount": 0,
          "id": "8c7ef571-0b93-46de-9ce2-633c6d21a0a2",
          "weight": 0.0,
          "type": 10,
          "group": null,
          "enabled": true,
          "index": 0
        }
      ],
      "actionGroups": [],
      "collapsedGroups": []
    },
    {
      "id": "d649c4a7-9020-4a91-a3d9-92204394362c",
      "queue": null,
      "enabled": true,
      "excludeFromHistory": false,
      "name": "!created",
      "group": null,
      "alwaysRun": false,
      "randomAction": false,
      "concurrent": false,
      "triggers": [
        {
          "commandId": "7db74456-c49d-4e7c-a309-ffe0c9ba9b6b",
          "id": "e2b120e8-a884-4039-b962-37c051061384",
          "type": 401,
          "enabled": true,
          "alwaysRun": false
        }
      ],
      "actions": [
        {
          "sourceType": 2,
          "variable": "",
          "id": "b1cb74de-7ee8-40b5-aa46-957d086eb413",
          "weight": 0.0,
          "type": 50,
          "group": null,
          "enabled": true,
          "index": 0
        },
        {
          "url": "https://api.crunchprank.net/twitch/creation/%targetUser%",
          "variableName": "accountCreated",
          "headers": {},
          "id": "8723cba2-9dae-4a4d-aaf6-d3de371e66f9",
          "weight": 0.0,
          "type": 1007,
          "group": null,
          "enabled": true,
          "index": 1
        },
        {
          "text": "The account for %targetUser% was created on %accountCreated%",
          "preferredAccount": 0,
          "id": "fe60ecb5-7943-45bc-9bcf-40a7913b9cee",
          "weight": 0.0,
          "type": 10,
          "group": null,
          "enabled": true,
          "index": 2
        }
      ],
      "actionGroups": [],
      "collapsedGroups": []
    },
    {
      "id": "27b16b76-233f-4b52-9764-b52965f12ba9",
      "queue": null,
      "enabled": true,
      "excludeFromHistory": false,
      "name": "!date",
      "group": null,
      "alwaysRun": false,
      "randomAction": false,
      "concurrent": false,
      "triggers": [
        {
          "commandId": "8873e8a0-4080-4ee8-86c6-39072c024560",
          "id": "2e155fe4-0a92-404d-ac90-2a50bf0ebc3c",
          "type": 401,
          "enabled": true,
          "alwaysRun": false
        }
      ],
      "actions": [
        {
          "text": "The date is currently %date% for %broadcastUser%",
          "preferredAccount": 0,
          "id": "01f4c03f-ad96-466c-ad1f-8308dcd22e6e",
          "weight": 0.0,
          "type": 10,
          "group": null,
          "enabled": true,
          "index": 1
        },
        {
          "id": "aa0e8338-9e0f-4776-90b6-86fa198f4c96",
          "weight": 0.0,
          "type": 21,
          "group": "",
          "enabled": true,
          "index": 0
        }
      ],
      "actionGroups": [],
      "collapsedGroups": []
    },
    {
      "id": "d5e3453a-a8d0-4f79-97f3-a516995313e2",
      "queue": null,
      "enabled": true,
      "excludeFromHistory": false,
      "name": "!followed",
      "group": null,
      "alwaysRun": false,
      "randomAction": false,
      "concurrent": false,
      "triggers": [
        {
          "commandId": "180b79ff-15e1-4fe1-8b76-87b8882ee0d7",
          "id": "d65d3441-e5c6-4b24-8df9-f2e9a132a3fa",
          "type": 401,
          "enabled": true,
          "alwaysRun": false
        }
      ],
      "actions": [
        {
          "sourceType": 1,
          "variable": "",
          "id": "c97e702f-0d00-42f9-a67a-4b8f1886443b",
          "weight": 0.0,
          "type": 51,
          "group": null,
          "enabled": true,
          "index": 1
        },
        {
          "text": "%user% you followed %broadcastUser% on %followDate%",
          "preferredAccount": 0,
          "id": "4a3daf31-46eb-4d6e-ada3-3c97c6b85fd2",
          "weight": 0.0,
          "type": 10,
          "group": null,
          "enabled": true,
          "index": 2
        },
        {
          "id": "4790e89f-5305-4dc5-b27b-b6829a14caac",
          "weight": 0.0,
          "type": 21,
          "group": "",
          "enabled": true,
          "index": 0
        }
      ],
      "actionGroups": [],
      "collapsedGroups": []
    },
    {
      "id": "6b85dbde-fd70-4632-9566-b32a47506554",
      "queue": null,
      "enabled": true,
      "excludeFromHistory": false,
      "name": "!followers",
      "group": null,
      "alwaysRun": false,
      "randomAction": false,
      "concurrent": false,
      "triggers": [
        {
          "commandId": "08dfcc5e-c95d-4f32-aa52-d9b8013cf817",
          "id": "21bf69e5-3805-49ec-b759-69c5b848bf49",
          "type": 401,
          "enabled": true,
          "alwaysRun": false
        }
      ],
      "actions": [
        {
          "url": "https://api.crunchprank.net/twitch/followcount%broadcastUserName%",
          "variableName": "followerCount",
          "headers": {},
          "id": "4eb6159f-ba43-459e-b803-680c72720d7c",
          "weight": 0.0,
          "type": 1007,
          "group": null,
          "enabled": true,
          "index": 1
        },
        {
          "text": "%broadcastUser% currently has %followerCount% followers",
          "preferredAccount": 0,
          "id": "e84ad2ca-17f3-48aa-8e0f-a837b195ffec",
          "weight": 0.0,
          "type": 10,
          "group": null,
          "enabled": true,
          "index": 2
        },
        {
          "id": "7145edb7-9a1b-4d4d-8da6-ed915c3774fd",
          "weight": 0.0,
          "type": 21,
          "group": "",
          "enabled": true,
          "index": 0
        }
      ],
      "actionGroups": [],
      "collapsedGroups": []
    },
    {
      "id": "f69c3365-f986-4534-82e7-b9eefca8acd5",
      "queue": null,
      "enabled": true,
      "excludeFromHistory": false,
      "name": "!following",
      "group": null,
      "alwaysRun": false,
      "randomAction": false,
      "concurrent": false,
      "triggers": [
        {
          "commandId": "d1332b52-3f01-4679-80fd-51e4f8e88e06",
          "id": "e0c48843-3e3e-47db-a945-bae757a03128",
          "type": 401,
          "enabled": true,
          "alwaysRun": false
        }
      ],
      "actions": [
        {
          "sourceType": 1,
          "variable": "",
          "id": "d1c59783-132f-4683-8328-43ecdb29dacc",
          "weight": 0.0,
          "type": 51,
          "group": null,
          "enabled": true,
          "index": 1
        },
        {
          "text": "%user% you have ben following %broadcastUser% for %followAgeLong%",
          "preferredAccount": 0,
          "id": "36ac587e-c839-4d38-af3e-e57dfff4f15d",
          "weight": 0.0,
          "type": 10,
          "group": null,
          "enabled": true,
          "index": 2
        },
        {
          "id": "6f4dcbef-67cc-45a3-936a-aa7d1089fde1",
          "weight": 0.0,
          "type": 21,
          "group": "",
          "enabled": true,
          "index": 0
        }
      ],
      "actionGroups": [],
      "collapsedGroups": []
    },
    {
      "id": "c3237f66-1eb0-4c88-adc5-8888c91a6c8a",
      "queue": null,
      "enabled": true,
      "excludeFromHistory": false,
      "name": "!stats",
      "group": null,
      "alwaysRun": false,
      "randomAction": false,
      "concurrent": false,
      "triggers": [
        {
          "commandId": "68b7eb67-a20f-47b6-b473-4679c41a87f1",
          "id": "765844c6-2abb-4628-bf30-5ac8fb5422c3",
          "type": 401,
          "enabled": true,
          "alwaysRun": false
        }
      ],
      "actions": [
        {
          "url": "https://api.crunchprank.net/twitch/viewercount/%broadcastUserName%",
          "variableName": "viewerCount",
          "headers": {},
          "id": "4add8214-2b03-42e2-b7c5-9fb0503ce953",
          "weight": 0.0,
          "type": 1007,
          "group": null,
          "enabled": true,
          "index": 1
        },
        {
          "url": "https://decapi.me/twitch/uptime/%broadcastUserName%",
          "variableName": "uptime",
          "headers": {},
          "id": "176c4c67-6762-45e2-b17f-afc1526b6dd3",
          "weight": 0.0,
          "type": 1007,
          "group": null,
          "enabled": true,
          "index": 2
        },
        {
          "url": "https://decapi.me/twitch/game/%broadcastUserName%",
          "variableName": "myGame",
          "headers": {},
          "id": "a874ae90-87c1-4d43-9037-b6ab75d945d1",
          "weight": 0.0,
          "type": 1007,
          "group": null,
          "enabled": true,
          "index": 3
        },
        {
          "url": "https://decapi.me/twitch/title/%broadcastUserName%",
          "variableName": "myTitle",
          "headers": {},
          "id": "c735d89a-feaa-4c99-a1d5-e2782c505fde",
          "weight": 0.0,
          "type": 1007,
          "group": null,
          "enabled": true,
          "index": 4
        },
        {
          "text": "Game: %myGame% | Title: %myTitle%  | Uptime: %uptime% | Viewers: %viewerCount%",
          "preferredAccount": 0,
          "id": "f9835bb0-7e54-43af-91e2-c16c3dc60d5a",
          "weight": 0.0,
          "type": 10,
          "group": null,
          "enabled": true,
          "index": 5
        },
        {
          "id": "19b968a6-5c12-4911-ab92-7d3642d62a62",
          "weight": 0.0,
          "type": 21,
          "group": "",
          "enabled": true,
          "index": 0
        }
      ],
      "actionGroups": [],
      "collapsedGroups": []
    },
    {
      "id": "c59fff75-6487-40b4-9493-ba935a1d688f",
      "queue": null,
      "enabled": true,
      "excludeFromHistory": false,
      "name": "!team",
      "group": null,
      "alwaysRun": false,
      "randomAction": false,
      "concurrent": false,
      "triggers": [
        {
          "commandId": "16296608-e713-459b-ac1e-233bd90d3ab5",
          "id": "a9757b62-eca7-4d07-ab89-f21b3b2c89b2",
          "type": 401,
          "enabled": true,
          "alwaysRun": false
        }
      ],
      "actions": [
        {
          "url": "https://api.crunchprank.net/twitch/team_members/%input0%",
          "variableName": "teamMembers",
          "headers": {},
          "id": "08ab2110-c498-449a-a41b-81b6a4271b60",
          "weight": 0.0,
          "type": 1007,
          "group": null,
          "enabled": true,
          "index": 0
        },
        {
          "value": "grabs a list of team members from named team",
          "color": null,
          "id": "b8b489fc-d196-4f3e-94f7-0d8ea9c05ad1",
          "weight": 0.0,
          "type": 1009,
          "group": null,
          "enabled": true,
          "index": 1
        }
      ],
      "actionGroups": [],
      "collapsedGroups": []
    },
    {
      "id": "085aeef6-1c1f-44b4-b1b3-a923cccbbc14",
      "queue": null,
      "enabled": true,
      "excludeFromHistory": false,
      "name": "!time",
      "group": null,
      "alwaysRun": false,
      "randomAction": false,
      "concurrent": false,
      "triggers": [
        {
          "commandId": "ebe7ea8a-b670-4851-b452-3d867be0f42f",
          "id": "417f527e-eb6d-4791-b887-b0e706f0ed6f",
          "type": 401,
          "enabled": true,
          "alwaysRun": false
        }
      ],
      "actions": [
        {
          "text": "The time is currently %time% for %broadcastUser%",
          "preferredAccount": 0,
          "id": "d06b7a42-1675-490c-bc19-1d8d6f0a7b5e",
          "weight": 0.0,
          "type": 10,
          "group": null,
          "enabled": true,
          "index": 1
        },
        {
          "id": "5a159f42-4ab3-4024-b3d2-f2d0cbb4a49c",
          "weight": 0.0,
          "type": 21,
          "group": "",
          "enabled": true,
          "index": 0
        }
      ],
      "actionGroups": [],
      "collapsedGroups": []
    },
    {
      "id": "f1966bb3-3319-4972-87f5-474f63e2a342",
      "queue": null,
      "enabled": true,
      "excludeFromHistory": false,
      "name": "!uptime",
      "group": null,
      "alwaysRun": false,
      "randomAction": false,
      "concurrent": false,
      "triggers": [
        {
          "commandId": "080c8007-30cb-4c07-9989-ad8d1ee25a71",
          "id": "c2dd13f1-9f6f-4960-93f3-e3f7e8d69e19",
          "type": 401,
          "enabled": true,
          "alwaysRun": false
        }
      ],
      "actions": [
        {
          "url": "https://decapi.me/twitch/uptime/%broadcastUserName%",
          "variableName": "uptime",
          "headers": {},
          "id": "d34398b2-8d66-421f-9ecd-176ce7bad5be",
          "weight": 0.0,
          "type": 1007,
          "group": null,
          "enabled": true,
          "index": 1
        },
        {
          "text": "%broadcastUser% has been live for %uptime%",
          "preferredAccount": 0,
          "id": "81f291ca-2598-40c6-95d4-84b1e44340f9",
          "weight": 0.0,
          "type": 10,
          "group": null,
          "enabled": true,
          "index": 2
        },
        {
          "id": "ad0f04e7-1209-42b5-88db-0cd5accdfe53",
          "weight": 0.0,
          "type": 21,
          "group": "",
          "enabled": true,
          "index": 0
        }
      ],
      "actionGroups": [],
      "collapsedGroups": []
    },
    {
      "id": "6940ddad-ba8f-4c4f-b737-990ca43dfbd2",
      "queue": null,
      "enabled": true,
      "excludeFromHistory": false,
      "name": "!тг",
      "group": "Команди",
      "alwaysRun": false,
      "randomAction": false,
      "concurrent": false,
      "triggers": [
        {
          "commandId": "90e59c9f-39de-4e02-ae4b-bd3bc9172430",
          "id": "e4d7afcc-9fce-4759-ac3e-a49dcc7d7930",
          "type": 401,
          "enabled": true,
          "alwaysRun": false
        }
      ],
      "actions": [
        {
          "text": "Тут анонси стримів і моя голова: https://t.me/quarryck",
          "preferredAccount": 0,
          "id": "e98d7356-a8ab-482b-9745-9dd11e98d13c",
          "weight": 0.0,
          "type": 10,
          "group": null,
          "enabled": true,
          "index": 0
        },
        {
          "sceneName": "Гра",
          "sourceName": "Вебкамера",
          "state": 0,
          "connectionId": "3ec16dab-6241-4abb-aa8a-8aab017cfecc",
          "id": "361aeadf-95b5-4a03-b608-9acb524d35e4",
          "weight": 0.0,
          "type": 40,
          "group": null,
          "enabled": true,
          "index": 1
        }
      ],
      "actionGroups": [],
      "collapsedGroups": []
    },
    {
      "id": "1ff56554-f68e-4c08-b9da-8bd57da568f4",
      "queue": null,
      "enabled": true,
      "excludeFromHistory": false,
      "name": "!інста",
      "group": "Команди",
      "alwaysRun": false,
      "randomAction": false,
      "concurrent": false,
      "triggers": [
        {
          "commandId": "41b14ab1-76aa-412e-939a-25d272ba864f",
          "id": "8474066f-bca0-4ae6-92f9-73453122d2ec",
          "type": 401,
          "enabled": true,
          "alwaysRun": false
        }
      ],
      "actions": [
        {
          "text": "Тут викладаю добірну кринжу: https://www.instagram.com/quarry9221/",
          "preferredAccount": 0,
          "id": "b2976ee1-5e49-4e1b-a997-a9638b128d04",
          "weight": 0.0,
          "type": 10,
          "group": null,
          "enabled": true,
          "index": 0
        }
      ],
      "actionGroups": [],
      "collapsedGroups": []
    },
    {
      "id": "ceb0d10c-759d-4ec3-9783-9053029ecff3",
      "queue": null,
      "enabled": true,
      "excludeFromHistory": false,
      "name": "!люрк",
      "group": "Команди",
      "alwaysRun": false,
      "randomAction": false,
      "concurrent": false,
      "triggers": [
        {
          "commandId": "c4153237-6c72-4a72-bc2f-9df9ca631311",
          "id": "b6452964-2651-4687-9eb6-26e6d247d962",
          "type": 402,
          "enabled": true,
          "alwaysRun": false
        }
      ],
      "actions": [
        {
          "text": "Залишаючись в тіні, як нічний ловець, я тут. Моя присутність незрима, але це не означає, що мене немає. Я люркую, спостерігаю, вбираю в себе кожне слово, кожну емоцію. Я не тільки спостерігач, я душа чату, тихий вітерець знань і суперечок, що проноситься поміж повідомлень. Я - люрк, вічний спостерігач в просторах цифрового світу. 🕵️‍♂️🌌",
          "preferredAccount": 0,
          "id": "cfdb77de-e864-4084-9986-8041dbbf01b4",
          "weight": 0.0,
          "type": 10,
          "group": null,
          "enabled": true,
          "index": 0
        }
      ],
      "actionGroups": [],
      "collapsedGroups": []
    },
    {
      "id": "306e37a6-9022-4c0d-8ef8-54bd7ff63006",
      "queue": null,
      "enabled": true,
      "excludeFromHistory": false,
      "name": "донателло",
      "group": "Команди",
      "alwaysRun": false,
      "randomAction": false,
      "concurrent": false,
      "triggers": [
        {
          "commandId": "bbeecf03-fa00-46e3-8f75-4d69efb2507b",
          "id": "0f725af1-483a-4ef1-8345-ed63b8ee26ba",
          "type": 401,
          "enabled": true,
          "alwaysRun": false
        }
      ],
      "actions": [
        {
          "text": "Підписка на Донателло від 30 грн! https://donatello.to/Quarry/tiers",
          "preferredAccount": 0,
          "id": "b90354f1-3977-4f30-968e-ab4584cdd4d0",
          "weight": 0.0,
          "type": 10,
          "group": null,
          "enabled": true,
          "index": 0
        }
      ],
      "actionGroups": [],
      "collapsedGroups": []
    },
    {
      "id": "5c89e54e-aaf4-4513-b3ab-0ed326035b11",
      "queue": null,
      "enabled": true,
      "excludeFromHistory": false,
      "name": "!дс",
      "group": "Команди",
      "alwaysRun": false,
      "randomAction": false,
      "concurrent": false,
      "triggers": [
        {
          "commandId": "4096c1d9-393e-4050-9168-bfb0f0d2a597",
          "id": "1b9add5a-f47c-4a4a-ac70-8df908fc5068",
          "type": 401,
          "enabled": true,
          "alwaysRun": false
        }
      ],
      "actions": [
        {
          "text": "Наш Discord сервер: https://discord.gg/8Jd228AEHr",
          "preferredAccount": 0,
          "id": "92c5098d-984d-4eee-bc31-174c08d702d0",
          "weight": 0.0,
          "type": 10,
          "group": null,
          "enabled": true,
          "index": 0
        }
      ],
      "actionGroups": [],
      "collapsedGroups": []
    },
    {
      "id": "ecc6e123-997d-4a68-9a1e-128fe8c45194",
      "queue": null,
      "enabled": true,
      "excludeFromHistory": false,
      "name": "!пук",
      "group": "Команди",
      "alwaysRun": false,
      "randomAction": false,
      "concurrent": false,
      "triggers": [
        {
          "commandId": "b4bee8a6-05a6-43c3-87ba-c5a443437ff9",
          "id": "5da13ae4-ab3e-4ccf-89ef-8254737905e3",
          "type": 401,
          "enabled": true,
          "alwaysRun": false
        }
      ],
      "actions": [
        {
          "userLogin": "%user%",
          "duration": "1",
          "reason": "Пук і всьо",
          "id": "87d1c44b-246e-4101-801d-22a663d5a156",
          "weight": 0.0,
          "type": 20,
          "group": null,
          "enabled": true,
          "index": 0
        }
      ],
      "actionGroups": [],
      "collapsedGroups": []
    },
    {
      "id": "48eab029-3843-4e34-9e4c-10583733d8d2",
      "queue": null,
      "enabled": true,
      "excludeFromHistory": false,
      "name": "!дупа",
      "group": "Команди",
      "alwaysRun": false,
      "randomAction": false,
      "concurrent": false,
      "triggers": [
        {
          "commandId": "9478bc0c-bf06-47dc-bb68-25c5267fe26c",
          "id": "953fdc73-0e83-4bce-8640-e99dc48e974b",
          "type": 401,
          "enabled": true,
          "alwaysRun": false
        }
      ],
      "actions": [
        {
          "text": "%user% хотів відправити в дупу когось, але згадав що fisting is 300 bucks і пішов сам",
          "preferredAccount": 0,
          "id": "9f79ee61-dbcf-4360-88f8-8319271e5e1c",
          "weight": 0.0,
          "type": 10,
          "group": null,
          "enabled": true,
          "index": 0
        }
      ],
      "actionGroups": [],
      "collapsedGroups": []
    },
    {
      "id": "9b49e4ff-fc72-4cff-a905-0453b2ed372d",
      "queue": null,
      "enabled": true,
      "excludeFromHistory": false,
      "name": "Перше повідомлення",
      "group": "Команди",
      "alwaysRun": false,
      "randomAction": false,
      "concurrent": false,
      "triggers": [
        {
          "username": "",
          "isUserId": false,
          "id": "e719d3a8-1338-445c-9ec1-1b7a04119c94",
          "type": 120,
          "enabled": false,
          "alwaysRun": true
        }
      ],
      "actions": [
        {
          "text": "FirstTimeChatter",
          "preferredAccount": 0,
          "replyId": "%msgId%",
          "id": "b6ddf4d4-6828-491e-965d-50012f906267",
          "weight": 0.0,
          "type": 560,
          "group": null,
          "enabled": true,
          "index": 0
        }
      ],
      "actionGroups": [],
      "collapsedGroups": []
    },
    {
      "id": "59898680-89c3-4041-8f55-700e94f51e03",
      "queue": null,
      "enabled": true,
      "excludeFromHistory": false,
      "name": "пз",
      "group": "",
      "alwaysRun": false,
      "randomAction": false,
      "concurrent": false,
      "triggers": [
        {
          "commandId": "a4bbe8cf-c719-43ac-bc5c-56897f4bddc1",
          "id": "e38e27e7-e4de-49a1-86e3-29b01f7e4a18",
          "type": 401,
          "enabled": true,
          "alwaysRun": false
        },
        {
          "commandId": "06f9f429-3741-4703-a10c-c70aa457240b",
          "id": "7748a2d3-d89b-4f27-b77d-f9197c1de56f",
          "type": 401,
          "enabled": true,
          "alwaysRun": false
        },
        {
          "commandId": "17f720ad-7710-457a-9cf7-f956fd486abf",
          "id": "324ce529-c19c-4bc5-abed-83224fc35240",
          "type": 401,
          "enabled": true,
          "alwaysRun": false
        },
        {
          "commandId": "c2333663-d7c8-45fe-8bc3-0327ba216cac",
          "id": "11e76405-fc1d-45cb-9d38-467691fcb0d9",
          "type": 401,
          "enabled": true,
          "alwaysRun": false
        },
        {
          "commandId": "6ab2562d-e8ee-4cb0-8ae4-21b41da11b91",
          "id": "8de5cb4a-ced8-4fc0-b487-3e142a9af9d4",
          "type": 401,
          "enabled": true,
          "alwaysRun": false
        },
        {
          "commandId": "0de20879-5542-4287-8a47-02203853b3cd",
          "id": "1f69dbcc-082b-4c1b-9965-262550ad78e3",
          "type": 401,
          "enabled": true,
          "alwaysRun": false
        },
        {
          "commandId": "9713bb11-0f0d-4109-b300-a715b4df1b7b",
          "id": "daddfd17-e500-49c9-b318-90b38e405f06",
          "type": 401,
          "enabled": true,
          "alwaysRun": false
        },
        {
          "commandId": "83e24ff5-e612-477a-967d-f94aeab0aa9a",
          "id": "a5679b4e-a25d-406c-b9b6-27151ee73fbb",
          "type": 401,
          "enabled": true,
          "alwaysRun": false
        },
        {
          "commandId": "ad428532-baeb-42e6-9b6c-53324994fd15",
          "id": "6637da0b-e42e-4ddf-b39c-fa4a80291f89",
          "type": 401,
          "enabled": true,
          "alwaysRun": false
        },
        {
          "commandId": "beb37e7c-968f-4862-b522-132bb6c0bf7f",
          "id": "1ae05d05-d4b3-4843-8b43-df94ae99dfcc",
          "type": 401,
          "enabled": true,
          "alwaysRun": false
        },
        {
          "commandId": "c2333663-d7c8-45fe-8bc3-0327ba216cac",
          "id": "1a4a4a4f-45f6-4c1f-82cd-d6ff0d8e5a3f",
          "type": 401,
          "enabled": true,
          "alwaysRun": false
        },
        {
          "commandId": "f1dfd454-8724-4e00-8a40-b60c3c2108ce",
          "id": "3a8d4d16-0084-4e08-a0ed-5718b24555cd",
          "type": 401,
          "enabled": true,
          "alwaysRun": false
        },
        {
          "commandId": "c8d9b0e9-f597-48b4-aeef-cda1ea227e04",
          "id": "925bda74-efa8-4632-b9fe-f8c7d7555323",
          "type": 401,
          "enabled": true,
          "alwaysRun": false
        }
      ],
      "actions": [
        {
          "text": "%user%  trembaaIDI",
          "preferredAccount": 1,
          "replyId": "%msgId%",
          "id": "ec979281-a519-42e1-9c07-ac1eaae30f3f",
          "weight": 0.0,
          "type": 560,
          "group": null,
          "enabled": true,
          "index": 0
        }
      ],
      "actionGroups": [],
      "collapsedGroups": []
    }
  ]
}