{
  "collapsedGroups": [],
  "version": 2,
  "t": "2024-01-13T14:23:09.2260521+02:00",
  "commands": [
    {
      "sources": [
        0
      ],
      "permittedUsers": [],
      "permittedGroups": [],
      "id": "f1dfd454-8724-4e00-8a40-b60c3c2108ce",
      "name": "пз)",
      "enabled": true,
      "include": true,
      "mode": 0,
      "command": "пз)",
      "location": 0,
      "ignoreBotAccount": true,
      "ignoreInternal": true,
      "persistCounter": false,
      "counter": 0,
      "persistUserCounter": false,
      "userCounters": {},
      "caseSensitive": false,
      "globalCooldown": 0,
      "userCooldown": 0,
      "group": "",
      "grantType": 0
    },
    {
      "sources": [
        0
      ],
      "permittedUsers": [],
      "permittedGroups": [],
      "id": "180b79ff-15e1-4fe1-8b76-87b8882ee0d7",
      "name": "!followed",
      "enabled": false,
      "include": true,
      "mode": 0,
      "command": "!followed",
      "location": 1,
      "ignoreBotAccount": true,
      "ignoreInternal": true,
      "persistCounter": false,
      "counter": 0,
      "persistUserCounter": false,
      "userCounters": {},
      "caseSensitive": false,
      "globalCooldown": 0,
      "userCooldown": 0,
      "group": "Quick Start - Chatbot Example",
      "grantType": 0
    },
    {
      "sources": [
        0
      ],
      "permittedUsers": [],
      "permittedGroups": [],
      "id": "bbeecf03-fa00-46e3-8f75-4d69efb2507b",
      "name": "донати",
      "enabled": true,
      "include": true,
      "mode": 0,
      "command": "!донат",
      "location": 0,
      "ignoreBotAccount": true,
      "ignoreInternal": true,
      "persistCounter": false,
      "counter": 9,
      "persistUserCounter": false,
      "userCounters": {
        "72083925": 7,
        "1017603799": 2
      },
      "caseSensitive": false,
      "globalCooldown": 15,
      "userCooldown": 5,
      "group": "Команди",
      "grantType": 0
    },
    {
      "sources": [
        0
      ],
      "permittedUsers": [],
      "permittedGroups": [],
      "id": "16296608-e713-459b-ac1e-233bd90d3ab5",
      "name": "!team",
      "enabled": false,
      "include": true,
      "mode": 0,
      "command": "!team",
      "location": 1,
      "ignoreBotAccount": true,
      "ignoreInternal": true,
      "persistCounter": false,
      "counter": 0,
      "persistUserCounter": false,
      "userCounters": {},
      "caseSensitive": false,
      "globalCooldown": 0,
      "userCooldown": 0,
      "group": "Quick Start - Chatbot Example",
      "grantType": 0
    },
    {
      "sources": [
        0
      ],
      "permittedUsers": [],
      "permittedGroups": [],
      "id": "ad428532-baeb-42e6-9b6c-53324994fd15",
      "name": "!п з",
      "enabled": true,
      "include": true,
      "mode": 0,
      "command": "!п з",
      "location": 0,
      "ignoreBotAccount": true,
      "ignoreInternal": true,
      "persistCounter": false,
      "counter": 0,
      "persistUserCounter": false,
      "userCounters": {},
      "caseSensitive": false,
      "globalCooldown": 0,
      "userCooldown": 0,
      "group": "",
      "grantType": 0
    },
    {
      "sources": [
        0
      ],
      "permittedUsers": [],
      "permittedGroups": [],
      "id": "c4153237-6c72-4a72-bc2f-9df9ca631311",
      "name": "люрк",
      "enabled": true,
      "include": true,
      "mode": 0,
      "command": "!люрк",
      "location": 0,
      "ignoreBotAccount": true,
      "ignoreInternal": true,
      "persistCounter": false,
      "counter": 1,
      "persistUserCounter": false,
      "userCounters": {
        "38156115": 1
      },
      "caseSensitive": false,
      "globalCooldown": 15,
      "userCooldown": 5,
      "group": "Команди",
      "grantType": 0
    },
    {
      "sources": [
        0
      ],
      "permittedUsers": [],
      "permittedGroups": [],
      "id": "a78d487e-b06c-44d3-ba2b-fde226719a38",
      "name": "!so",
      "enabled": true,
      "include": true,
      "mode": 0,
      "command": "!so",
      "location": 0,
      "ignoreBotAccount": true,
      "ignoreInternal": true,
      "persistCounter": false,
      "counter": 2,
      "persistUserCounter": false,
      "userCounters": {
        "72083925": 1,
        "38156115": 1
      },
      "caseSensitive": false,
      "globalCooldown": 0,
      "userCooldown": 0,
      "group": "Quick Start - Chatbot Example",
      "grantType": 0
    },
    {
      "sources": [
        0
      ],
      "permittedUsers": [],
      "permittedGroups": [],
      "id": "6ab2562d-e8ee-4cb0-8ae4-21b41da11b91",
      "name": "!пз",
      "enabled": true,
      "include": true,
      "mode": 0,
      "command": "!пз",
      "location": 0,
      "ignoreBotAccount": true,
      "ignoreInternal": true,
      "persistCounter": false,
      "counter": 6,
      "persistUserCounter": false,
      "userCounters": {
        "760427696": 1,
        "156451259": 1,
        "843030041": 2,
        "38156115": 1,
        "246171033": 1
      },
      "caseSensitive": false,
      "globalCooldown": 0,
      "userCooldown": 0,
      "group": "",
      "grantType": 0
    },
    {
      "sources": [
        0
      ],
      "permittedUsers": [],
      "permittedGroups": [],
      "id": "c2333663-d7c8-45fe-8bc3-0327ba216cac",
      "name": "пз?",
      "enabled": true,
      "include": true,
      "mode": 0,
      "command": "пз?",
      "location": 0,
      "ignoreBotAccount": true,
      "ignoreInternal": true,
      "persistCounter": false,
      "counter": 0,
      "persistUserCounter": false,
      "userCounters": {},
      "caseSensitive": false,
      "globalCooldown": 0,
      "userCooldown": 0,
      "group": "",
      "grantType": 0
    },
    {
      "sources": [
        0
      ],
      "permittedUsers": [],
      "permittedGroups": [],
      "id": "d1332b52-3f01-4679-80fd-51e4f8e88e06",
      "name": "!following",
      "enabled": false,
      "include": true,
      "mode": 0,
      "command": "!following",
      "location": 1,
      "ignoreBotAccount": true,
      "ignoreInternal": true,
      "persistCounter": false,
      "counter": 0,
      "persistUserCounter": false,
      "userCounters": {},
      "caseSensitive": false,
      "globalCooldown": 0,
      "userCooldown": 0,
      "group": "Quick Start - Chatbot Example",
      "grantType": 0
    },
    {
      "sources": [
        0
      ],
      "permittedUsers": [],
      "permittedGroups": [],
      "id": "b4bee8a6-05a6-43c3-87ba-c5a443437ff9",
      "name": "!пук",
      "enabled": true,
      "include": true,
      "mode": 0,
      "command": "!пука",
      "location": 0,
      "ignoreBotAccount": true,
      "ignoreInternal": true,
      "persistCounter": false,
      "counter": 4,
      "persistUserCounter": false,
      "userCounters": {
        "1017603799": 4
      },
      "caseSensitive": false,
      "globalCooldown": 0,
      "userCooldown": 0,
      "group": "Команди",
      "grantType": 0
    },
    {
      "sources": [
        0
      ],
      "permittedUsers": [],
      "permittedGroups": [],
      "id": "9478bc0c-bf06-47dc-bb68-25c5267fe26c",
      "name": "!дупа",
      "enabled": true,
      "include": true,
      "mode": 0,
      "command": "!дупа",
      "location": 0,
      "ignoreBotAccount": true,
      "ignoreInternal": true,
      "persistCounter": false,
      "counter": 5,
      "persistUserCounter": false,
      "userCounters": {
        "739334661": 1,
        "79581162": 1,
        "95879832": 1,
        "790694354": 1,
        "38156115": 1
      },
      "caseSensitive": false,
      "globalCooldown": 0,
      "userCooldown": 0,
      "group": "",
      "grantType": 0
    },
    {
      "sources": [
        0
      ],
      "permittedUsers": [],
      "permittedGroups": [],
      "id": "08dfcc5e-c95d-4f32-aa52-d9b8013cf817",
      "name": "!followers",
      "enabled": false,
      "include": true,
      "mode": 0,
      "command": "!followers",
      "location": 1,
      "ignoreBotAccount": true,
      "ignoreInternal": true,
      "persistCounter": false,
      "counter": 0,
      "persistUserCounter": false,
      "userCounters": {},
      "caseSensitive": false,
      "globalCooldown": 0,
      "userCooldown": 0,
      "group": "Quick Start - Chatbot Example",
      "grantType": 0
    },
    {
      "sources": [
        0
      ],
      "permittedUsers": [],
      "permittedGroups": [],
      "id": "f24b2d6e-6f14-44a9-857b-5bfa45f5b483",
      "name": "Toggle camera",
      "enabled": true,
      "include": true,
      "mode": 0,
      "command": "!toggle",
      "location": 0,
      "ignoreBotAccount": true,
      "ignoreInternal": true,
      "persistCounter": false,
      "counter": 97,
      "persistUserCounter": false,
      "userCounters": {
        "72083925": 10,
        "739334661": 18,
        "119141814": 2,
        "123893598": 1,
        "458133987": 4,
        "180250609": 1,
        "129436115": 11,
        "760427696": 3,
        "121840957": 1,
        "567880418": 7,
        "843030041": 2,
        "193368450": 6,
        "246171033": 5,
        "88787979": 3,
        "793822977": 1,
        "38156115": 20,
        "41039839": 2
      },
      "caseSensitive": false,
      "globalCooldown": 0,
      "userCooldown": 0,
      "group": "",
      "grantType": 0
    },
    {
      "sources": [
        0
      ],
      "permittedUsers": [],
      "permittedGroups": [],
      "id": "17f720ad-7710-457a-9cf7-f956fd486abf",
      "name": "ПРОДЖЕКТ ЗОМБОІД",
      "enabled": true,
      "include": true,
      "mode": 0,
      "command": "ПРОДЖЕКТ ЗОМБОІД",
      "location": 0,
      "ignoreBotAccount": true,
      "ignoreInternal": true,
      "persistCounter": false,
      "counter": 0,
      "persistUserCounter": false,
      "userCounters": {},
      "caseSensitive": false,
      "globalCooldown": 0,
      "userCooldown": 0,
      "group": "",
      "grantType": 0
    },
    {
      "sources": [
        0
      ],
      "permittedUsers": [],
      "permittedGroups": [],
      "id": "05e695a3-c501-4d56-82a2-2afc662fb5f7",
      "name": "!пз)",
      "enabled": true,
      "include": true,
      "mode": 0,
      "command": "!пз)",
      "location": 0,
      "ignoreBotAccount": true,
      "ignoreInternal": true,
      "persistCounter": false,
      "counter": 0,
      "persistUserCounter": false,
      "userCounters": {},
      "caseSensitive": false,
      "globalCooldown": 0,
      "userCooldown": 0,
      "group": "",
      "grantType": 0
    },
    {
      "sources": [
        0
      ],
      "permittedUsers": [],
      "permittedGroups": [],
      "id": "a19c2ba2-21bf-43a0-a59f-e85e73523aeb",
      "name": "Command",
      "enabled": true,
      "include": true,
      "mode": 0,
      "command": "!хуй",
      "location": 0,
      "ignoreBotAccount": true,
      "ignoreInternal": true,
      "persistCounter": false,
      "counter": 3,
      "persistUserCounter": false,
      "userCounters": {
        "72083925": 3
      },
      "caseSensitive": false,
      "globalCooldown": 0,
      "userCooldown": 0,
      "group": "",
      "grantType": 0
    },
    {
      "sources": [
        0
      ],
      "permittedUsers": [],
      "permittedGroups": [],
      "id": "7db74456-c49d-4e7c-a309-ffe0c9ba9b6b",
      "name": "!created",
      "enabled": false,
      "include": true,
      "mode": 0,
      "command": "!created",
      "location": 1,
      "ignoreBotAccount": true,
      "ignoreInternal": true,
      "persistCounter": false,
      "counter": 0,
      "persistUserCounter": false,
      "userCounters": {},
      "caseSensitive": false,
      "globalCooldown": 0,
      "userCooldown": 0,
      "group": "Quick Start - Chatbot Example",
      "grantType": 0
    },
    {
      "sources": [
        0
      ],
      "permittedUsers": [],
      "permittedGroups": [],
      "id": "a4bbe8cf-c719-43ac-bc5c-56897f4bddc1",
      "name": "пз",
      "enabled": true,
      "include": true,
      "mode": 0,
      "command": "пз",
      "location": 0,
      "ignoreBotAccount": true,
      "ignoreInternal": true,
      "persistCounter": false,
      "counter": 25,
      "persistUserCounter": false,
      "userCounters": {
        "567880418": 2,
        "843030041": 5,
        "72083925": 1,
        "38156115": 12,
        "156451259": 1,
        "88787979": 1,
        "121840957": 1,
        "193368450": 2
      },
      "caseSensitive": false,
      "globalCooldown": 0,
      "userCooldown": 0,
      "group": "",
      "grantType": 0
    },
    {
      "sources": [
        0
      ],
      "permittedUsers": [],
      "permittedGroups": [],
      "id": "41b14ab1-76aa-412e-939a-25d272ba864f",
      "name": "інста",
      "enabled": true,
      "include": true,
      "mode": 0,
      "command": "!інста",
      "location": 0,
      "ignoreBotAccount": true,
      "ignoreInternal": true,
      "persistCounter": false,
      "counter": 0,
      "persistUserCounter": false,
      "userCounters": {},
      "caseSensitive": false,
      "globalCooldown": 15,
      "userCooldown": 5,
      "group": "Команди",
      "grantType": 0
    },
    {
      "sources": [
        0
      ],
      "permittedUsers": [],
      "permittedGroups": [],
      "id": "06f9f429-3741-4703-a10c-c70aa457240b",
      "name": "PZ",
      "enabled": true,
      "include": true,
      "mode": 0,
      "command": "PZ",
      "location": 0,
      "ignoreBotAccount": true,
      "ignoreInternal": true,
      "persistCounter": false,
      "counter": 0,
      "persistUserCounter": false,
      "userCounters": {},
      "caseSensitive": false,
      "globalCooldown": 0,
      "userCooldown": 0,
      "group": "",
      "grantType": 0
    },
    {
      "sources": [
        0
      ],
      "permittedUsers": [],
      "permittedGroups": [],
      "id": "080c8007-30cb-4c07-9989-ad8d1ee25a71",
      "name": "!uptime",
      "enabled": false,
      "include": true,
      "mode": 0,
      "command": "!uptime",
      "location": 1,
      "ignoreBotAccount": true,
      "ignoreInternal": true,
      "persistCounter": false,
      "counter": 0,
      "persistUserCounter": false,
      "userCounters": {},
      "caseSensitive": false,
      "globalCooldown": 0,
      "userCooldown": 0,
      "group": "Quick Start - Chatbot Example",
      "grantType": 0
    },
    {
      "sources": [
        0
      ],
      "permittedUsers": [],
      "permittedGroups": [],
      "id": "4096c1d9-393e-4050-9168-bfb0f0d2a597",
      "name": "дс",
      "enabled": true,
      "include": true,
      "mode": 0,
      "command": "!дс",
      "location": 0,
      "ignoreBotAccount": true,
      "ignoreInternal": true,
      "persistCounter": false,
      "counter": 0,
      "persistUserCounter": false,
      "userCounters": {},
      "caseSensitive": false,
      "globalCooldown": 0,
      "userCooldown": 0,
      "group": "",
      "grantType": 0
    },
    {
      "sources": [
        0
      ],
      "permittedUsers": [],
      "permittedGroups": [],
      "id": "83e24ff5-e612-477a-967d-f94aeab0aa9a",
      "name": "!P3",
      "enabled": true,
      "include": true,
      "mode": 0,
      "command": "!P3",
      "location": 0,
      "ignoreBotAccount": true,
      "ignoreInternal": true,
      "persistCounter": false,
      "counter": 1,
      "persistUserCounter": false,
      "userCounters": {
        "38156115": 1
      },
      "caseSensitive": false,
      "globalCooldown": 0,
      "userCooldown": 0,
      "group": "",
      "grantType": 0
    },
    {
      "sources": [
        0
      ],
      "permittedUsers": [],
      "permittedGroups": [],
      "id": "c8d9b0e9-f597-48b4-aeef-cda1ea227e04",
      "name": "П3",
      "enabled": true,
      "include": true,
      "mode": 0,
      "command": "П3",
      "location": 0,
      "ignoreBotAccount": true,
      "ignoreInternal": true,
      "persistCounter": false,
      "counter": 1,
      "persistUserCounter": false,
      "userCounters": {
        "843030041": 1
      },
      "caseSensitive": false,
      "globalCooldown": 0,
      "userCooldown": 0,
      "group": "",
      "grantType": 0
    },
    {
      "sources": [
        0
      ],
      "permittedUsers": [],
      "permittedGroups": [],
      "id": "0de20879-5542-4287-8a47-02203853b3cd",
      "name": "!п3",
      "enabled": true,
      "include": true,
      "mode": 0,
      "command": "!п3",
      "location": 0,
      "ignoreBotAccount": true,
      "ignoreInternal": true,
      "persistCounter": false,
      "counter": 2,
      "persistUserCounter": false,
      "userCounters": {
        "38156115": 2
      },
      "caseSensitive": false,
      "globalCooldown": 0,
      "userCooldown": 0,
      "group": "",
      "grantType": 0
    },
    {
      "sources": [
        0
      ],
      "permittedUsers": [],
      "permittedGroups": [],
      "id": "90e59c9f-39de-4e02-ae4b-bd3bc9172430",
      "name": "!тг",
      "enabled": true,
      "include": true,
      "mode": 0,
      "command": "!тг",
      "location": 0,
      "ignoreBotAccount": true,
      "ignoreInternal": true,
      "persistCounter": false,
      "counter": 7,
      "persistUserCounter": false,
      "userCounters": {
        "72083925": 5,
        "195040064": 1,
        "739334661": 1
      },
      "caseSensitive": false,
      "globalCooldown": 15,
      "userCooldown": 5,
      "group": "Команди",
      "grantType": 0
    },
    {
      "sources": [
        0
      ],
      "permittedUsers": [],
      "permittedGroups": [],
      "id": "8873e8a0-4080-4ee8-86c6-39072c024560",
      "name": "!date",
      "enabled": false,
      "include": true,
      "mode": 0,
      "command": "!date",
      "location": 1,
      "ignoreBotAccount": true,
      "ignoreInternal": true,
      "persistCounter": false,
      "counter": 0,
      "persistUserCounter": false,
      "userCounters": {},
      "caseSensitive": false,
      "globalCooldown": 0,
      "userCooldown": 0,
      "group": "Quick Start - Chatbot Example",
      "grantType": 0
    },
    {
      "sources": [
        0
      ],
      "permittedUsers": [],
      "permittedGroups": [],
      "id": "beb37e7c-968f-4862-b522-132bb6c0bf7f",
      "name": " п з",
      "enabled": true,
      "include": true,
      "mode": 0,
      "command": " п з",
      "location": 0,
      "ignoreBotAccount": true,
      "ignoreInternal": true,
      "persistCounter": false,
      "counter": 0,
      "persistUserCounter": false,
      "userCounters": {},
      "caseSensitive": false,
      "globalCooldown": 0,
      "userCooldown": 0,
      "group": "",
      "grantType": 0
    },
    {
      "sources": [
        0
      ],
      "permittedUsers": [],
      "permittedGroups": [],
      "id": "ebe7ea8a-b670-4851-b452-3d867be0f42f",
      "name": "!time",
      "enabled": false,
      "include": true,
      "mode": 0,
      "command": "!time",
      "location": 1,
      "ignoreBotAccount": true,
      "ignoreInternal": true,
      "persistCounter": false,
      "counter": 0,
      "persistUserCounter": false,
      "userCounters": {},
      "caseSensitive": false,
      "globalCooldown": 0,
      "userCooldown": 0,
      "group": "Quick Start - Chatbot Example",
      "grantType": 0
    },
    {
      "sources": [
        0
      ],
      "permittedUsers": [],
      "permittedGroups": [],
      "id": "68b7eb67-a20f-47b6-b473-4679c41a87f1",
      "name": "!stats",
      "enabled": false,
      "include": true,
      "mode": 0,
      "command": "!stats",
      "location": 1,
      "ignoreBotAccount": true,
      "ignoreInternal": true,
      "persistCounter": false,
      "counter": 0,
      "persistUserCounter": false,
      "userCounters": {},
      "caseSensitive": false,
      "globalCooldown": 0,
      "userCooldown": 0,
      "group": "Quick Start - Chatbot Example",
      "grantType": 0
    },
    {
      "sources": [
        0
      ],
      "permittedUsers": [],
      "permittedGroups": [],
      "id": "9713bb11-0f0d-4109-b300-a715b4df1b7b",
      "name": "!pz",
      "enabled": true,
      "include": true,
      "mode": 0,
      "command": "!pz",
      "location": 0,
      "ignoreBotAccount": true,
      "ignoreInternal": true,
      "persistCounter": false,
      "counter": 1,
      "persistUserCounter": false,
      "userCounters": {
        "38156115": 1
      },
      "caseSensitive": false,
      "globalCooldown": 0,
      "userCooldown": 0,
      "group": "",
      "grantType": 0
    }
  ]
}